{"cameraMode":{"drawMode":0,"name":"Shaded","section":"Shading Mode"},"sceneLighting":false,"audioPlay":false,"sceneViewState":{"showFog":false,"showMaterialUpdate":false,"showSkybox":false,"showFlares":false,"showImageEffects":false,"showParticleSystems":false},"in2DMode":false,"pivot":{"x":-6.240997314453125,"y":-2.169170379638672,"z":-38.82746887207031},"rotation":{"x":-0.42038673162460329,"y":0.20469923317432404,"z":-0.09793471544981003,"w":-0.8785232901573181},"size":28.818334579467775,"orthographic":false}